attack,25732309,10204194,10189156, attack_benchmark,25728868,10200776,10185740
attack_ntmp,25731795,20203680,10188642, attack_ntmp_benchmark,25729138,20201046,10186013
attack_memset,350730502,165200387,75184349, attack_memset_benchmark,350730456,165200367,75184334
no_flush,600728946,400200831,400185793, no_flush_benchmark,600728507,400200415,400185382
random,3111217735,1155202747,840187710, random_benchmark,3111213585,1155198621,840183583
rh,151204183,51843336,51843169, rh_benchmark,151202045,51841221,51841059
double_sided,16384573,4096441,4096402, double_sided_benchmark,16384343,4096234,4096200
attack,25729727,10201612,10186574, attack_benchmark,25728621,10200529,10185496
attack_ntmp,25730398,20202283,10187245, attack_ntmp_benchmark,25728662,20200644,10185744
attack_memset,350730462,165200347,75184309, attack_memset_benchmark,350730414,165200322,75184289
no_flush,600728863,400200748,400185710, no_flush_benchmark,600728504,400200412,400185379
random,3111213478,1155198491,840183453, random_benchmark,3111213475,1155198511,840183478
rh,151204248,51843401,51843234, rh_benchmark,151202036,51841212,51841050
double_sided,16384602,4096470,4096431, double_sided_benchmark,16384293,4096211,4096177
attack,25732355,10204240,10189202, attack_benchmark,25728543,10200450,10185415
attack_ntmp,25733290,20205174,10190137, attack_ntmp_benchmark,25730052,20201950,10186927
attack_memset,350730435,165200320,75184282, attack_memset_benchmark,350730378,165200293,75184248
no_flush,600729137,400201022,400185984, no_flush_benchmark,600728489,400200397,400185362
random,3111217742,1155202755,840187717, random_benchmark,3111213417,1155198453,840183420
rh,151204271,51843424,51843257, rh_benchmark,151202083,51841259,51841097
double_sided,16384823,4096691,4096652, double_sided_benchmark,16384563,4096454,4096420
attack,25731943,10203828,10188790, attack_benchmark,25728531,10200439,10185400
attack_ntmp,25730264,20202149,10187111, attack_ntmp_benchmark,25735726,20207729,10192764
attack_memset,350730428,165200313,75184275, attack_memset_benchmark,350730408,165200316,75184283
no_flush,600728713,400200598,400185560, no_flush_benchmark,600728429,400200364,400185325
random,3111213105,1155198118,840183080, random_benchmark,3111212403,1155197439,840182406
rh,151203757,51842910,51842743, rh_benchmark,151201848,51841024,51840862
double_sided,16384653,4096521,4096482, double_sided_benchmark,16384948,4096840,4096805
attack,25730219,10202104,10187066, attack_benchmark,25728675,10200583,10185550
attack_ntmp,25730907,20202792,10187754, attack_ntmp_benchmark,25728697,20200700,10185740
attack_memset,350730464,165200349,75184311, attack_memset_benchmark,350730406,165200314,75184281
no_flush,600728931,400200815,400185778, no_flush_benchmark,600728515,400200423,400185387
random,3111216839,1155201852,840186814, random_benchmark,3111213417,1155198453,840183414
rh,151204258,51843411,51843244, rh_benchmark,151202045,51841221,51841058
double_sided,16384508,4096376,4096337, double_sided_benchmark,16384349,4096240,4096200
attack,25729162,10201047,10186009, attack_benchmark,25728587,10200495,10185459
attack_ntmp,25731247,20203132,10188094, attack_ntmp_benchmark,25728755,20200653,10185612
attack_memset,350730460,165200345,75184307, attack_memset_benchmark,350730404,165200312,75184279
no_flush,600729212,400201097,400186059, no_flush_benchmark,600728493,400200401,400185368
random,3111217540,1155202553,840187515, random_benchmark,3111213485,1155198521,840183485
rh,151204187,51843340,51843173, rh_benchmark,151202085,51841261,51841093
double_sided,16384613,4096481,4096442, double_sided_benchmark,16384368,4096259,4096225
attack,25730032,10201917,10186879, attack_benchmark,25728600,10200508,10185475
attack_ntmp,25730721,20202606,10187568, attack_ntmp_benchmark,25730110,20202017,10187000
attack_memset,350730459,165200344,75184306, attack_memset_benchmark,350730392,165200327,75184294
no_flush,600728998,400200883,400185845, no_flush_benchmark,600728520,400200428,400185395
random,3111217457,1155202470,840187432, random_benchmark,3111213385,1155198421,840183385
rh,151204279,51843432,51843265, rh_benchmark,151202055,51841211,51841069
double_sided,16384556,4096424,4096385, double_sided_benchmark,16384287,4096205,4096171
attack,25729731,10201616,10186578, attack_benchmark,25728507,10200415,10185382
attack_ntmp,25729506,20201391,10186353, attack_ntmp_benchmark,25728479,20200460,10185556
attack_memset,350730429,165200314,75184276, attack_memset_benchmark,350730412,165200347,75184314
no_flush,600728729,400200614,400185576, no_flush_benchmark,600728458,400200366,400185330
random,3111213112,1155198125,840183087, random_benchmark,3111212399,1155197435,840182399
rh,151204258,51843411,51843244, rh_benchmark,151202060,51841236,51841073
double_sided,16384594,4096462,4096423, double_sided_benchmark,16384349,4096220,4096206
attack,25729084,10200969,10185931, attack_benchmark,25728957,10200865,10185828
attack_ntmp,25730921,20202806,10187768, attack_ntmp_benchmark,25729691,20201666,10186758
attack_memset,350730462,165200347,75184309, attack_memset_benchmark,350730400,165200308,75184275
no_flush,600729201,400201086,400186048, no_flush_benchmark,600728477,400200412,400185354
random,3111213300,1155198313,840183275, random_benchmark,3111212469,1155197505,840182472
rh,151203582,51842735,51842568, rh_benchmark,151201837,51841000,51840876
double_sided,16384813,4096681,4096642, double_sided_benchmark,16384826,4096714,4096684
attack,25730117,10202002,10186964, attack_benchmark,25728702,10200610,10185577
attack_ntmp,25732919,20204804,10189766, attack_ntmp_benchmark,25728666,20200669,10185709
attack_memset,350730508,165200393,75184355, attack_memset_benchmark,350730405,165200310,75184271
no_flush,600729149,400201034,400185996, no_flush_benchmark,600728461,400200396,400185360
random,3111213490,1155198503,840183465, random_benchmark,3111212508,1155197544,840182511
rh,151203823,51842976,51842809, rh_benchmark,151201855,51841011,51840869
double_sided,16384625,4096493,4096454, double_sided_benchmark,16385049,4096941,4096906
attack,25730597,10202482,10187444, attack_benchmark,25728703,10200611,10185578
attack_ntmp,25731080,20202965,10187927, attack_ntmp_benchmark,25735277,20207169,10192152
attack_memset,350730502,165200387,75184349, attack_memset_benchmark,350730373,165200302,75184275
no_flush,600729133,400201018,400185980, no_flush_benchmark,600728485,400200420,400185387
random,3111216541,1155201554,840186516, random_benchmark,3111213447,1155198483,840183450
rh,151204243,51843396,51843229, rh_benchmark,151202046,51841222,51841060
double_sided,16384468,4096336,4096297, double_sided_benchmark,16384708,4096600,4096566
attack,25733023,10204908,10189870, attack_benchmark,25728613,10200520,10185488
attack_ntmp,25730554,20202439,10187401, attack_ntmp_benchmark,25729072,20200955,10185930
attack_memset,350730458,165200343,75184305, attack_memset_benchmark,350730416,165200324,75184290
no_flush,600728971,400200856,400185818, no_flush_benchmark,600728515,400200423,400185390
random,3111217443,1155202456,840187418, random_benchmark,3111213376,1155198412,840183379
rh,151204210,51843363,51843196, rh_benchmark,151202043,51841219,51841057
double_sided,16384729,4096597,4096558, double_sided_benchmark,16384455,4096334,4096310
attack,25729414,10201299,10186261, attack_benchmark,25728603,10200511,10185478
attack_ntmp,25730977,20202862,10187824, attack_ntmp_benchmark,25735578,20207493,10192474
attack_memset,350730497,165200382,75184344, attack_memset_benchmark,350730418,165200326,75184293
no_flush,600728972,400200857,400185819, no_flush_benchmark,600728493,400200428,400185395
random,3111217484,1155202497,840187459, random_benchmark,3111213386,1155198422,840183389
rh,151204302,51843455,51843288, rh_benchmark,151202046,51841222,51841060
double_sided,16384506,4096374,4096335, double_sided_benchmark,16384436,4096327,4096293
attack,25731644,10203529,10188491, attack_benchmark,25728515,10200450,10185405
attack_ntmp,25730658,20202543,10187505, attack_ntmp_benchmark,25728844,20200752,10185719
attack_memset,350730472,165200356,75184319, attack_memset_benchmark,350730451,165200359,75184323
no_flush,600729010,400200895,400185857, no_flush_benchmark,600728525,400200460,400185427
random,3111217228,1155202240,840187203, random_benchmark,3111213392,1155198427,840183389
rh,151204357,51843510,51843343, rh_benchmark,151202049,51841225,51841063
double_sided,16387113,4098981,4098942, double_sided_benchmark,16384317,4096208,4096171
attack,25730768,10202653,10187615, attack_benchmark,25730293,10202195,10187168
attack_ntmp,25736689,20208574,10193536, attack_ntmp_benchmark,25729024,20200916,10185899
attack_memset,350730435,165200320,75184282, attack_memset_benchmark,350731288,165201196,75185163
no_flush,600729148,400201033,400185995, no_flush_benchmark,600728514,400200422,400185389
random,3111217448,1155202461,840187423, random_benchmark,3111213417,1155198453,840183417
rh,151204226,51843379,51843212, rh_benchmark,151202049,51841225,51841063
double_sided,16384923,4096791,4096752, double_sided_benchmark,16384339,4096257,4096223
attack,25730860,10202745,10187707, attack_benchmark,25731699,10203634,10188601
attack_ntmp,25734351,20206236,10191198, attack_ntmp_benchmark,25728957,20200847,10185814
attack_memset,350730435,165200320,75184282, attack_memset_benchmark,350730398,165200306,75184273
no_flush,600728977,400200862,400185824, no_flush_benchmark,600728490,400200425,400185392
random,3111217456,1155202469,840187431, random_benchmark,3111213413,1155198449,840183410
rh,151204243,51843396,51843229, rh_benchmark,151202032,51841205,51841046
double_sided,16384527,4096395,4096356, double_sided_benchmark,16384325,4096216,4096182
attack,25728950,10200835,10185797, attack_benchmark,25730642,10202550,10187517
attack_ntmp,25732660,20204544,10189507, attack_ntmp_benchmark,25733219,20205121,10190076
attack_memset,350730674,165200559,75184521, attack_memset_benchmark,350730596,165200504,75184471
no_flush,600728922,400200807,400185769, no_flush_benchmark,600728481,400200389,400185356
random,3111216876,1155201889,840186851, random_benchmark,3111213365,1155198428,840183395
rh,151204185,51843338,51843171, rh_benchmark,151202045,51841221,51841059
double_sided,16384585,4096453,4096414, double_sided_benchmark,16385100,4096991,4096957
attack,25729354,10201239,10186201, attack_benchmark,25728596,10200504,10185471
attack_ntmp,25729932,20201817,10186779, attack_ntmp_benchmark,25728536,20200543,10185579
attack_memset,350730467,165200350,75184314, attack_memset_benchmark,350730416,165200324,75184291
no_flush,600729204,400201089,400186051, no_flush_benchmark,600728486,400200388,400185357
random,3111213478,1155198491,840183453, random_benchmark,3111212465,1155197501,840182468
rh,151203863,51843016,51842849, rh_benchmark,151201847,51841023,51840861
double_sided,16390224,4102092,4102053, double_sided_benchmark,16384340,4096231,4096197
attack,25729492,10201377,10186339, attack_benchmark,25728773,10200681,10185648
attack_ntmp,25731059,20202944,10187906, attack_ntmp_benchmark,25728936,20200819,10185799
attack_memset,350730440,165200325,75184287, attack_memset_benchmark,350730402,165200310,75184277
no_flush,600729145,400201030,400185992, no_flush_benchmark,600728520,400200428,400185395
random,3111216804,1155201817,840186779, random_benchmark,3111213383,1155198419,840183386
rh,151204269,51843422,51843255, rh_benchmark,151202050,51841226,51841064
double_sided,16384826,4096694,4096655, double_sided_benchmark,16384385,4096276,4096242
attack,25732438,10204322,10189285, attack_benchmark,25733640,10205548,10190515
attack_ntmp,25735578,20207463,10192425, attack_ntmp_benchmark,25732823,20204731,10189673
attack_memset,350730646,165200531,75184493, attack_memset_benchmark,350730416,165200324,75184285
no_flush,600728960,400200845,400185807, no_flush_benchmark,600728516,400200424,400185391
random,3111217673,1155202686,840187648, random_benchmark,3111213446,1155198476,840183449
rh,151204286,51843439,51843272, rh_benchmark,151202053,51841229,51841067
double_sided,16384400,4096268,4096229, double_sided_benchmark,16384318,4096209,4096175
attack,25730557,10202442,10187404, attack_benchmark,25728868,10200776,10185743
attack_ntmp,25731764,20203649,10188611, attack_ntmp_benchmark,25729226,20201133,10186101
attack_memset,350730521,165200406,75184368, attack_memset_benchmark,350730422,165200330,75184296
no_flush,600728984,400200869,400185831, no_flush_benchmark,600728519,400200427,400185369
random,3111216769,1155201782,840186744, random_benchmark,3111212453,1155197489,840182456
rh,151206193,51845346,51845179, rh_benchmark,151203851,51843027,51842865
double_sided,16386285,4098153,4098114, double_sided_benchmark,16384328,4096219,4096185
attack,25728965,10200850,10185812, attack_benchmark,25731358,10203266,10188233
attack_ntmp,25733634,20205518,10190481, attack_ntmp_benchmark,25730076,20201971,10186978
attack_memset,350730444,165200329,75184291, attack_memset_benchmark,350730401,165200308,75184270
no_flush,600728826,400200711,400185673, no_flush_benchmark,600728503,400200411,400185378
random,3111217637,1155202650,840187612, random_benchmark,3111213451,1155198484,840183454
rh,151204395,51843548,51843381, rh_benchmark,151202036,51841212,51841050
double_sided,16384856,4096724,4096685, double_sided_benchmark,16384318,4096209,4096169
attack,25729097,10200982,10185944, attack_benchmark,25730464,10202372,10187339
attack_ntmp,25729651,20201536,10186498, attack_ntmp_benchmark,25728837,20200720,10185709
attack_memset,350730460,165200345,75184307, attack_memset_benchmark,350730415,165200323,75184286
no_flush,600728961,400200846,400185808, no_flush_benchmark,600728515,400200423,400185389
random,3111217378,1155202391,840187353, random_benchmark,3111213382,1155198418,840183385
rh,151204262,51843415,51843248, rh_benchmark,151202084,51841260,51841098
double_sided,16384508,4096376,4096337, double_sided_benchmark,16384327,4096245,4096211
attack,25729257,10201142,10186104, attack_benchmark,25732251,10204159,10189122
attack_ntmp,25734059,20205944,10190906, attack_ntmp_benchmark,25728968,20200875,10185829
attack_memset,350730462,165200347,75184309, attack_memset_benchmark,350730406,165200314,75184281
no_flush,600729155,400201040,400186002, no_flush_benchmark,600728457,400200392,400185359
random,3111213501,1155198514,840183476, random_benchmark,3111212441,1155197504,840182471
rh,151203906,51843059,51842892, rh_benchmark,151201865,51841041,51840879
double_sided,16385841,4097709,4097670, double_sided_benchmark,16384311,4096229,4096195
attack,25729803,10201688,10186650, attack_benchmark,25732921,10204829,10189796
attack_ntmp,25729938,20201823,10186785, attack_ntmp_benchmark,25730472,20202475,10187579
attack_memset,350730465,165200350,75184312, attack_memset_benchmark,350730404,165200312,75184279
no_flush,600728873,400200758,400185720, no_flush_benchmark,600728491,400200399,400185366
random,3111213473,1155198486,840183448, random_benchmark,3111212462,1155197498,840182465
rh,151203531,51842684,51842517, rh_benchmark,151202024,51841227,51841065
double_sided,16384501,4096369,4096330, double_sided_benchmark,16384377,4096248,4096234
attack,25732034,10203918,10188881, attack_benchmark,25729072,10200980,10185941
attack_ntmp,25734858,20206743,10191705, attack_ntmp_benchmark,25728873,20200781,10185744
attack_memset,350730516,165200401,75184363, attack_memset_benchmark,350730418,165200326,75184293
no_flush,600729018,400200903,400185865, no_flush_benchmark,600728531,400200439,400185406
random,3111217427,1155202440,840187402, random_benchmark,3111213445,1155198481,840183442
rh,151204239,51843392,51843225, rh_benchmark,151202066,51841242,51841080
double_sided,16384957,4096825,4096786, double_sided_benchmark,16384765,4096637,4096608
attack,25729992,10201877,10186839, attack_benchmark,25729656,10201564,10186531
attack_ntmp,25744829,20216714,10201676, attack_ntmp_benchmark,25739242,20211150,10196117
attack_memset,350730458,165200343,75184305, attack_memset_benchmark,350730545,165200480,75184446
no_flush,600728992,400200877,400185839, no_flush_benchmark,600728526,400200434,400185395
random,3111217345,1155202358,840187320, random_benchmark,3111213403,1155198439,840183400
rh,151204354,51843507,51843340, rh_benchmark,151202026,51841229,51841067
double_sided,16384555,4096423,4096384, double_sided_benchmark,16384252,4096147,4096125
attack,25731532,10203416,10188379, attack_benchmark,25728600,10200508,10185475
attack_ntmp,25730775,20202660,10187622, attack_ntmp_benchmark,25735441,20207324,10192316
attack_memset,350730459,165200344,75184306, attack_memset_benchmark,350730398,165200306,75184272
no_flush,600729139,400201024,400185986, no_flush_benchmark,600728493,400200401,400185368
random,3111213485,1155198498,840183460, random_benchmark,3111212459,1155197495,840182462
rh,151203802,51842955,51842788, rh_benchmark,151201848,51841024,51840862
double_sided,16385096,4096964,4096925, double_sided_benchmark,16384339,4096230,4096196
attack,25735359,10207244,10192206, attack_benchmark,25728614,10200522,10185489
attack_ntmp,25730937,20202822,10187784, attack_ntmp_benchmark,25728837,20200735,10185694
attack_memset,350730457,165200342,75184304, attack_memset_benchmark,350730371,165200305,75184273
no_flush,600728868,400200753,400185715, no_flush_benchmark,600728519,400200454,400185421
random,3111213729,1155198742,840183704, random_benchmark,3111213395,1155198431,840183394
rh,151204249,51843402,51843235, rh_benchmark,151202017,51841220,51841054
double_sided,16405007,4116875,4116836, double_sided_benchmark,16384530,4096421,4096387
attack,25733843,10205728,10190690, attack_benchmark,25733047,10204955,10189922
attack_ntmp,25734886,20206771,10191733, attack_ntmp_benchmark,25731487,20203490,10188532
attack_memset,350730435,165200320,75184282, attack_memset_benchmark,350730298,165200268,75184228
no_flush,600728857,400200742,400185704, no_flush_benchmark,600728490,400200398,400185365
random,3111213665,1155198678,840183640, random_benchmark,3111212462,1155197498,840182465
rh,151203552,51842705,51842538, rh_benchmark,151201857,51841033,51840871
double_sided,16384660,4096528,4096489, double_sided_benchmark,16384264,4096159,4096128
attack,25730856,10202741,10187703, attack_benchmark,25729149,10201042,10186007
attack_ntmp,25735760,20207645,10192607, attack_ntmp_benchmark,25728925,20200833,10185782
attack_memset,350730455,165200340,75184302, attack_memset_benchmark,350730388,165200323,75184290
no_flush,600728989,400200874,400185836, no_flush_benchmark,600728541,400200449,400185416
random,3111217291,1155202304,840187266, random_benchmark,3111213386,1155198422,840183389
rh,151204285,51843438,51843271, rh_benchmark,151202040,51841216,51841053
double_sided,16385005,4096873,4096834, double_sided_benchmark,16384314,4096232,4096198
attack,25729498,10201382,10186345, attack_benchmark,25732774,10204682,10189649
attack_ntmp,25730619,20202504,10187466, attack_ntmp_benchmark,25728806,20200693,10185678
attack_memset,350730460,165200345,75184307, attack_memset_benchmark,350730377,165200312,75184279
no_flush,600729158,400201043,400186005, no_flush_benchmark,600728489,400200397,400185364
random,3111213472,1155198485,840183447, random_benchmark,3111212429,1155197492,840182459
rh,151203814,51842967,51842800, rh_benchmark,151201864,51841020,51840878
double_sided,16384555,4096423,4096384, double_sided_benchmark,16384328,4096246,4096194
attack,25731384,10203269,10188231, attack_benchmark,25734186,10206094,10191061
attack_ntmp,25730056,20201940,10186903, attack_ntmp_benchmark,25728888,20200796,10185763
attack_memset,350730505,165200390,75184352, attack_memset_benchmark,350730425,165200333,75184300
no_flush,600728995,400200880,400185842, no_flush_benchmark,600728530,400200438,400185399
random,3111217388,1155202401,840187363, random_benchmark,3111213400,1155198435,840183397
rh,151204255,51843408,51843241, rh_benchmark,151202056,51841232,51841070
double_sided,16385638,4097506,4097467, double_sided_benchmark,16384255,4096150,4096119
attack,25730691,10202576,10187538, attack_benchmark,25733292,10205200,10190167
attack_ntmp,25729924,20201809,10186771, attack_ntmp_benchmark,25729307,20201215,10186176
attack_memset,350730511,165200396,75184358, attack_memset_benchmark,350730388,165200283,75184258
no_flush,600729019,400200904,400185866, no_flush_benchmark,600728514,400200422,400185389
random,3111217298,1155202311,840187273, random_benchmark,3111213359,1155198395,840183362
rh,151204297,51843450,51843283, rh_benchmark,151202072,51841248,51841085
double_sided,16384718,4096586,4096547, double_sided_benchmark,16384353,4096244,4096210
attack,25729986,10201869,10186833, attack_benchmark,25728609,10200516,10185484
attack_ntmp,25730005,20201890,10186852, attack_ntmp_benchmark,25734525,20206408,10191388
attack_memset,350730435,165200320,75184282, attack_memset_benchmark,350730376,165200311,75184278
no_flush,600728873,400200758,400185720, no_flush_benchmark,600728461,400200396,400185363
random,3111213489,1155198502,840183464, random_benchmark,3111212459,1155197495,840182461
rh,151203786,51842939,51842772, rh_benchmark,151201622,51841034,51840871
double_sided,16384996,4096864,4096825, double_sided_benchmark,16385157,4097048,4097014
attack,25729500,10201385,10186347, attack_benchmark,25731635,10203543,10188506
attack_ntmp,25729997,20201882,10186844, attack_ntmp_benchmark,25729315,20201291,10186332
attack_memset,350730521,165200406,75184368, attack_memset_benchmark,350730420,165200328,75184289
no_flush,600728978,400200863,400185825, no_flush_benchmark,600728518,400200426,400185393
random,3111217486,1155202499,840187461, random_benchmark,3111213348,1155198384,840183347
rh,151204347,51843500,51843333, rh_benchmark,151202044,51841220,51841057
double_sided,16388774,4100642,4100603, double_sided_benchmark,16395092,4106984,4106944
attack,25730711,10202596,10187558, attack_benchmark,25728757,10200665,10185632
attack_ntmp,25730475,20202360,10187322, attack_ntmp_benchmark,25728926,20200809,10185787
attack_memset,350730454,165200339,75184301, attack_memset_benchmark,350730372,165200307,75184271
no_flush,600729109,400200994,400185956, no_flush_benchmark,600728487,400200395,400185362
random,3111213466,1155198479,840183441, random_benchmark,3111212462,1155197498,840182462
rh,151204258,51843411,51843244, rh_benchmark,151202042,51841218,51841056
double_sided,16384479,4096347,4096308, double_sided_benchmark,16385890,4097781,4097747
attack,25729565,10201450,10186412, attack_benchmark,25733321,10205229,10190196
attack_ntmp,25730485,20202370,10187332, attack_ntmp_benchmark,25731382,20203269,10188257
attack_memset,350730456,165200341,75184303, attack_memset_benchmark,350730372,165200307,75184274
no_flush,600729132,400201017,400185979, no_flush_benchmark,600728497,400200405,400185372
random,3111217358,1155202371,840187333, random_benchmark,3111213381,1155198444,840183411
rh,151204246,51843399,51843232, rh_benchmark,151202056,51841232,51841070
double_sided,16389622,4101490,4101451, double_sided_benchmark,16384314,4096229,4096198
attack,25729474,10201359,10186321, attack_benchmark,25732187,10204095,10189062
attack_ntmp,25730084,20201969,10186931, attack_ntmp_benchmark,25729773,20201681,10186648
attack_memset,350730520,165200405,75184367, attack_memset_benchmark,350730406,165200314,75184281
no_flush,600728956,400200841,400185803, no_flush_benchmark,600728520,400200428,400185395
random,3111217655,1155202668,840187630, random_benchmark,3111213528,1155198564,840183530
rh,151204253,51843406,51843239, rh_benchmark,151202067,51841243,51841081
double_sided,16384676,4096544,4096505, double_sided_benchmark,16384341,4096213,4096196
attack,25729658,10201543,10186505, attack_benchmark,25728620,10200528,10185495
attack_ntmp,25730993,20202878,10187840, attack_ntmp_benchmark,25735687,20207570,10192545
attack_memset,350730435,165200320,75184282, attack_memset_benchmark,350730418,165200326,75184287
no_flush,600729013,400200898,400185860, no_flush_benchmark,600728513,400200421,400185382
random,3111217279,1155202292,840187254, random_benchmark,3111213400,1155198436,840183400
rh,151203550,51842703,51842536, rh_benchmark,151201869,51841045,51840883
double_sided,16385134,4097002,4096963, double_sided_benchmark,16384341,4096232,4096198
attack,25730560,10202445,10187407, attack_benchmark,25728853,10200761,10185728
attack_ntmp,25731715,20203600,10188562, attack_ntmp_benchmark,25729219,20201127,10186091
attack_memset,350730502,165200387,75184349, attack_memset_benchmark,350730422,165200330,75184291
no_flush,600728977,400200862,400185824, no_flush_benchmark,600728524,400200432,400185399
random,3111217200,1155202213,840187175, random_benchmark,3111213368,1155198403,840183368
rh,151204343,51843496,51843329, rh_benchmark,151202051,51841227,51841065
double_sided,16384525,4096393,4096354, double_sided_benchmark,16384317,4096208,4096168
attack,25730601,10202486,10187448, attack_benchmark,25728900,10200808,10185769
attack_ntmp,25736904,20208789,10193751, attack_ntmp_benchmark,25732796,20204694,10189671
attack_memset,350730456,165200341,75184303, attack_memset_benchmark,350730414,165200322,75184289
no_flush,600728987,400200872,400185834, no_flush_benchmark,600728517,400200425,400185392
random,3111217252,1155202265,840187227, random_benchmark,3111213300,1155198336,840183278
rh,151204219,51843372,51843205, rh_benchmark,151202041,51841217,51841055
double_sided,16384672,4096540,4096501, double_sided_benchmark,16385698,4097617,4097583
attack,25730322,10202207,10187169, attack_benchmark,25728653,10200561,10185522
attack_ntmp,25741936,20213821,10198783, attack_ntmp_benchmark,25731343,20203251,10188212
attack_memset,350730516,165200401,75184363, attack_memset_benchmark,350730417,165200325,75184289
no_flush,600728984,400200869,400185831, no_flush_benchmark,600728541,400200449,400185413
random,3111217325,1155202338,840187300, random_benchmark,3111213431,1155198467,840183434
rh,151204321,51843474,51843307, rh_benchmark,151202045,51841221,51841056
double_sided,16390970,4102838,4102799, double_sided_benchmark,16386446,4098335,4098304
attack,25732457,10204342,10189304, attack_benchmark,25728609,10200544,10185511
attack_ntmp,25739249,20211134,10196096, attack_ntmp_benchmark,25729367,20201265,10186224
attack_memset,350730458,165200343,75184305, attack_memset_benchmark,350730376,165200311,75184278
no_flush,600729138,400201023,400185985, no_flush_benchmark,600728489,400200397,400185364
random,3111217473,1155202486,840187448, random_benchmark,3111213402,1155198438,840183399
rh,151204288,51843441,51843274, rh_benchmark,151202038,51841214,51841051
double_sided,16384480,4096348,4096309, double_sided_benchmark,16385783,4097702,4097650
attack,25729615,10201500,10186462, attack_benchmark,25732621,10204529,10189496
attack_ntmp,25729864,20201749,10186711, attack_ntmp_benchmark,25728985,20200893,10185860
attack_memset,350730468,165200353,75184315, attack_memset_benchmark,350730420,165200328,75184295
no_flush,600728994,400200879,400185841, no_flush_benchmark,600728540,400200448,400185415
random,3111217429,1155202442,840187404, random_benchmark,3111213360,1155198396,840183357
rh,151204305,51843458,51843291, rh_benchmark,151202034,51841210,51841046
double_sided,16385126,4096994,4096955, double_sided_benchmark,16384585,4096476,4096442
attack,25729400,10201285,10186247, attack_benchmark,25729315,10201222,10186190
attack_ntmp,25730709,20202594,10187556, attack_ntmp_benchmark,25728967,20200863,10185824
attack_memset,350730445,165200330,75184292, attack_memset_benchmark,350730403,165200318,75184281
no_flush,600728997,400200882,400185844, no_flush_benchmark,600728530,400200435,400185405
random,3111216829,1155201842,840186804, random_benchmark,3111213373,1155198409,840183370
rh,151204311,51843464,51843297, rh_benchmark,151202048,51841224,51841062
double_sided,16384666,4096534,4096495, double_sided_benchmark,16384261,4096175,4096181
attack,25729908,10201793,10186755, attack_benchmark,25731930,10203838,10188805
attack_ntmp,25729756,20201641,10186603, attack_ntmp_benchmark,25732868,20204776,10189725
attack_memset,350730462,165200347,75184309, attack_memset_benchmark,350730374,165200309,75184276
no_flush,600728857,400200742,400185704, no_flush_benchmark,600728494,400200402,400185369
random,3111213482,1155198495,840183457, random_benchmark,3111212499,1155197535,840182502
rh,151203805,51842958,51842791, rh_benchmark,151201829,51841068,51840906
double_sided,16387739,4099607,4099568, double_sided_benchmark,16384593,4096484,4096432
attack,25733773,10205658,10190620, attack_benchmark,25732797,10204705,10189672
attack_ntmp,25729843,20201728,10186690, attack_ntmp_benchmark,25732339,20204238,10189213
attack_memset,350730457,165200342,75184304, attack_memset_benchmark,350730372,165200307,75184274
no_flush,600728967,400200852,400185814, no_flush_benchmark,600728518,400200426,400185393
random,3111217391,1155202404,840187366, random_benchmark,3111213390,1155198426,840183389
rh,151204248,51843401,51843234, rh_benchmark,151202040,51841216,51841054
double_sided,16385709,4097577,4097538, double_sided_benchmark,16386122,4098013,4097979
attack,25734631,10206516,10191478, attack_benchmark,25728700,10200608,10185575
attack_ntmp,25730857,20202742,10187704, attack_ntmp_benchmark,25735656,20207591,10192558
attack_memset,350730512,165200397,75184359, attack_memset_benchmark,350730420,165200328,75184294
no_flush,600728986,400200871,400185833, no_flush_benchmark,600728519,400200427,400185388
random,3111216911,1155201924,840186886, random_benchmark,3111212433,1155197456,840182416
rh,151203851,51843004,51842837, rh_benchmark,151201897,51841073,51840911
double_sided,16384586,4096454,4096415, double_sided_benchmark,16384751,4096642,4096608
attack,25731598,10203483,10188445, attack_benchmark,25731683,10203591,10188552
attack_ntmp,25729649,20201534,10186496, attack_ntmp_benchmark,25728725,20200632,10185595
attack_memset,350730463,165200348,75184310, attack_memset_benchmark,350730404,165200312,75184279
no_flush,600729150,400201035,400185997, no_flush_benchmark,600728504,400200412,400185379
random,3111217290,1155202303,840187265, random_benchmark,3111213424,1155198460,840183427
rh,151204226,51843379,51843212, rh_benchmark,151202047,51841223,51841061
double_sided,16384559,4096427,4096388, double_sided_benchmark,16384259,4096207,4096179
attack,25731117,10203002,10187964, attack_benchmark,25728532,10200440,10185407
attack_ntmp,25732704,20204589,10189551, attack_ntmp_benchmark,25729115,20201102,10186142
attack_memset,350730438,165200323,75184285, attack_memset_benchmark,350730397,165200305,75184272
no_flush,600728907,400200792,400185754, no_flush_benchmark,600728459,400200367,400185334
random,3111212943,1155197956,840182918, random_benchmark,3111212372,1155197435,840182402
rh,151203816,51842969,51842802, rh_benchmark,151201789,51841028,51840866
double_sided,16384406,4096274,4096235, double_sided_benchmark,16384243,4096197,4096163
attack,25731300,10203185,10188147, attack_benchmark,25731054,10202961,10187929
attack_ntmp,25729864,20201748,10186711, attack_ntmp_benchmark,25731519,20203427,10188379
attack_memset,350730439,165200324,75184286, attack_memset_benchmark,350730397,165200305,75184272
no_flush,600729398,400201283,400186245, no_flush_benchmark,600728430,400200325,400185285
random,3111213095,1155198108,840183070, random_benchmark,3111212403,1155197439,840182400
rh,151203787,51842940,51842773, rh_benchmark,151201862,51841038,51840876
double_sided,16384653,4096521,4096482, double_sided_benchmark,16385664,4097618,4097584
attack,25734097,10205982,10190944, attack_benchmark,25728718,10200626,10185593
attack_ntmp,25730292,20202177,10187139, attack_ntmp_benchmark,25728977,20200982,10186074
attack_memset,350730457,165200342,75184304, attack_memset_benchmark,350730427,165200335,75184296
no_flush,600729151,400201035,400185998, no_flush_benchmark,600728460,400200395,400185362
random,3111217326,1155202339,840187301, random_benchmark,3111213398,1155198461,840183422
rh,151204214,51843367,51843200, rh_benchmark,151202049,51841225,51841063
double_sided,16384678,4096546,4096507, double_sided_benchmark,16384380,4096299,4096259
attack,25730008,10201893,10186855, attack_benchmark,25728800,10200708,10185658
attack_ntmp,25730990,20202875,10187837, attack_ntmp_benchmark,25735876,20207784,10192750
attack_memset,350730491,165200376,75184338, attack_memset_benchmark,350730419,165200327,75184291
no_flush,600728984,400200869,400185831, no_flush_benchmark,600728515,400200423,400185390
random,3111217390,1155202403,840187365, random_benchmark,3111213442,1155198477,840183444
rh,151204231,51843384,51843217, rh_benchmark,151202042,51841218,51841055
double_sided,16394061,4105929,4105890, double_sided_benchmark,16384314,4096233,4096199
attack,25731433,10203318,10188280, attack_benchmark,25731573,10203481,10188448
attack_ntmp,25737310,20209195,10194157, attack_ntmp_benchmark,25728682,20200665,10185769
attack_memset,350730453,165200338,75184300, attack_memset_benchmark,350730372,165200307,75184274
no_flush,600729153,400201038,400186000, no_flush_benchmark,600728461,400200396,400185363
random,3111213257,1155198270,840183232, random_benchmark,3111212487,1155197523,840182490
rh,151205629,51844782,51844615, rh_benchmark,151201848,51841024,51840862
double_sided,16384673,4096541,4096502, double_sided_benchmark,16384338,4096223,4096181
attack,25731332,10203217,10188179, attack_benchmark,25728610,10200518,10185479
attack_ntmp,25740482,20212366,10197329, attack_ntmp_benchmark,25728838,20200801,10185758
attack_memset,350730454,165200339,75184301, attack_memset_benchmark,350730371,165200306,75184272
no_flush,600728859,400200744,400185706, no_flush_benchmark,600728489,400200397,400185364
random,3111213470,1155198483,840183445, random_benchmark,3111212455,1155197491,840182449
rh,151203879,51843032,51842865, rh_benchmark,151202052,51841228,51841066
double_sided,16385633,4097501,4097462, double_sided_benchmark,16384321,4096192,4096173
attack,25729838,10201723,10186685, attack_benchmark,25728603,10200511,10185478
attack_ntmp,25730043,20201928,10186890, attack_ntmp_benchmark,25729013,20200918,10185870
attack_memset,350730435,165200320,75184282, attack_memset_benchmark,350730378,165200313,75184279
no_flush,600729140,400201025,400185987, no_flush_benchmark,600728466,400200401,400185368
random,3111213475,1155198488,840183450, random_benchmark,3111212454,1155197490,840182457
rh,151203532,51842685,51842518, rh_benchmark,151202034,51841210,51841042
double_sided,16384490,4096358,4096319, double_sided_benchmark,16384306,4096197,4096162
attack,25730825,10202710,10187672, attack_benchmark,25731705,10203614,10188581
attack_ntmp,25733016,20204901,10189863, attack_ntmp_benchmark,25729345,20201252,10186217
attack_memset,350730465,165200350,75184312, attack_memset_benchmark,350730416,165200324,75184291
no_flush,600729019,400200904,400185866, no_flush_benchmark,600728593,400200501,400185462
random,3111213310,1155198323,840183285, random_benchmark,3111213364,1155198400,840183366
rh,151203794,51842947,51842780, rh_benchmark,151202056,51841232,51841070
double_sided,16384654,4096522,4096483, double_sided_benchmark,16384337,4096213,4096194
attack,25734029,10205914,10190876, attack_benchmark,25733985,10205893,10190860
attack_ntmp,25730824,20202708,10187671, attack_ntmp_benchmark,25729542,20201450,10186414
attack_memset,350730466,165200351,75184313, attack_memset_benchmark,350730372,165200307,75184274
no_flush,600729164,400201048,400186011, no_flush_benchmark,600728461,400200396,400185357
random,3111213484,1155198497,840183459, random_benchmark,3111212457,1155197493,840182460
rh,151203559,51842712,51842545, rh_benchmark,151201847,51841023,51840850
double_sided,16385670,4097538,4097499, double_sided_benchmark,16384613,4096485,4096471
attack,25729833,10201718,10186680, attack_benchmark,25729254,10201162,10186129
attack_ntmp,25735908,20207793,10192755, attack_ntmp_benchmark,25728854,20200759,10185711
attack_memset,350730435,165200320,75184282, attack_memset_benchmark,350730377,165200312,75184279
no_flush,600729163,400201048,400186010, no_flush_benchmark,600728469,400200404,400185371
random,3111213467,1155198480,840183442, random_benchmark,3111212458,1155197494,840182460
rh,151203544,51842697,51842530, rh_benchmark,151201859,51841035,51840873
double_sided,16404990,4116858,4116819, double_sided_benchmark,16384365,4096256,4096222
attack,25730620,10202505,10187467, attack_benchmark,25728860,10200768,10185734
attack_ntmp,25731830,20203715,10188677, attack_ntmp_benchmark,25729158,20201066,10186033
attack_memset,350730519,165200404,75184366, attack_memset_benchmark,350730416,165200324,75184291
no_flush,600728941,400200826,400185788, no_flush_benchmark,600728522,400200430,400185397
random,3111217456,1155202469,840187431, random_benchmark,3111213459,1155198522,840183484
rh,151208811,51847964,51847797, rh_benchmark,151202040,51841216,51841054
double_sided,16385763,4097631,4097592, double_sided_benchmark,16385352,4097243,4097203
attack,25729524,10201409,10186371, attack_benchmark,25728560,10200495,10185437
attack_ntmp,25729713,20201598,10186560, attack_ntmp_benchmark,25734042,20205950,10190911
attack_memset,350730511,165200396,75184358, attack_memset_benchmark,350730409,165200317,75184283
no_flush,600729066,400200950,400185913, no_flush_benchmark,600728514,400200422,400185371
random,3111217409,1155202422,840187384, random_benchmark,3111214543,1155199578,840184528
rh,151204379,51843532,51843365, rh_benchmark,151202026,51841229,51841067
double_sided,16384577,4096445,4096406, double_sided_benchmark,16384379,4096264,4096224
attack,25731336,10203221,10188183, attack_benchmark,25729468,10201376,10186343
attack_ntmp,25729964,20201848,10186811, attack_ntmp_benchmark,25728892,20200800,10185749
attack_memset,350730461,165200346,75184308, attack_memset_benchmark,350730372,165200267,75184274
no_flush,600729148,400201033,400185995, no_flush_benchmark,600728505,400200413,400185380
random,3111214952,1155199965,840184927, random_benchmark,3111212431,1155197494,840182461
rh,151203511,51842664,51842497, rh_benchmark,151202045,51841221,51841059
double_sided,16384575,4096443,4096404, double_sided_benchmark,16384675,4096593,4096559
attack,25729430,10201315,10186277, attack_benchmark,25729030,10200938,10185905
attack_ntmp,25733773,20205658,10190620, attack_ntmp_benchmark,25728975,20200858,10185850
attack_memset,350730442,165200327,75184289, attack_memset_benchmark,350730399,165200307,75184274
no_flush,600729148,400201033,400185995, no_flush_benchmark,600728525,400200433,400185400
random,3111215898,1155200911,840185873, random_benchmark,3111213385,1155198448,840183414
rh,151204283,51843436,51843269, rh_benchmark,151202044,51841220,51841054
double_sided,16384653,4096521,4096482, double_sided_benchmark,16384569,4096440,4096426
attack,25729918,10201803,10186765, attack_benchmark,25731632,10203540,10188507
attack_ntmp,25730984,20202869,10187831, attack_ntmp_benchmark,25734343,20206233,10191213
attack_memset,350730460,165200345,75184307, attack_memset_benchmark,350730406,165200313,75184281
no_flush,600729158,400201043,400186005, no_flush_benchmark,600728486,400200421,400185388
random,3111213267,1155198280,840183242, random_benchmark,3111212485,1155197521,840182488
rh,151203878,51843031,51842864, rh_benchmark,151201665,51841030,51840868
double_sided,16385167,4097035,4096996, double_sided_benchmark,16384343,4096220,4096200
attack,25731529,10203414,10188376, attack_benchmark,25731292,10203199,10188161
attack_ntmp,25732818,20204703,10189665, attack_ntmp_benchmark,25732267,20204254,10189358
attack_memset,350730485,165200370,75184332, attack_memset_benchmark,350730411,165200319,75184286
no_flush,600729131,400201016,400185978, no_flush_benchmark,600728479,400200414,400185381
random,3111213481,1155198494,840183456, random_benchmark,3111212434,1155197497,840182464
rh,151203809,51842962,51842795, rh_benchmark,151201853,51841029,51840867
double_sided,16384634,4096502,4096463, double_sided_benchmark,16384276,4096230,4096196
attack,25733770,10205655,10190617, attack_benchmark,25728707,10200615,10185579
attack_ntmp,25731011,20202896,10187858, attack_ntmp_benchmark,25728808,20200716,10185683
attack_memset,350730500,165200385,75184347, attack_memset_benchmark,350730431,165200339,75184302
no_flush,600729008,400200893,400185855, no_flush_benchmark,600728513,400200421,400185385
random,3111217376,1155202389,840187351, random_benchmark,3111213425,1155198460,840183425
rh,151204221,51843374,51843207, rh_benchmark,151202037,51841213,51841051
double_sided,16386796,4098664,4098625, double_sided_benchmark,16384732,4096666,4096652
attack,25729481,10201365,10186328, attack_benchmark,25728868,10200776,10185743
attack_ntmp,25730255,20202140,10187102, attack_ntmp_benchmark,25728884,20200774,10185759
attack_memset,350730439,165200324,75184286, attack_memset_benchmark,350730373,165200308,75184275
no_flush,600729142,400201027,400185989, no_flush_benchmark,600728492,400200400,400185366
random,3111213253,1155198266,840183228, random_benchmark,3111212462,1155197498,840182461
rh,151203512,51842665,51842498, rh_benchmark,151201866,51841042,51840880
double_sided,16384481,4096349,4096310, double_sided_benchmark,16384485,4096400,4096369
attack,25729191,10201076,10186038, attack_benchmark,25729129,10201037,10186004
attack_ntmp,25735788,20207673,10192635, attack_ntmp_benchmark,25729851,20201837,10186875
attack_memset,350730454,165200339,75184301, attack_memset_benchmark,350730377,165200312,75184279
no_flush,600728876,400200761,400185723, no_flush_benchmark,600728492,400200400,400185367
random,3111213516,1155198529,840183491, random_benchmark,3111212457,1155197493,840182460
rh,151203489,51842642,51842475, rh_benchmark,151201855,51841031,51840869
double_sided,16386323,4098191,4098152, double_sided_benchmark,16384322,4096220,4096203
attack,25733862,10205747,10190709, attack_benchmark,25728540,10200448,10185415
attack_ntmp,25734130,20206015,10190977, attack_ntmp_benchmark,25728747,20200733,10185772
attack_memset,350730459,165200344,75184306, attack_memset_benchmark,350730403,165200311,75184278
no_flush,600729200,400201085,400186047, no_flush_benchmark,600728489,400200397,400185364
random,3111213493,1155198506,840183468, random_benchmark,3111212508,1155197544,840182511
rh,151203830,51842983,51842816, rh_benchmark,151201862,51841038,51840876
double_sided,16384399,4096267,4096228, double_sided_benchmark,16384337,4096228,4096194
attack,25732026,10203911,10188873, attack_benchmark,25732054,10203982,10188956
attack_ntmp,25730799,20202684,10187646, attack_ntmp_benchmark,25729228,20201115,10186102
attack_memset,350730474,165200359,75184321, attack_memset_benchmark,350730379,165200294,75184249
no_flush,600729182,400201067,400186029, no_flush_benchmark,600728512,400200420,400185378
random,3111213272,1155198285,840183247, random_benchmark,3111213388,1155198424,840183385
rh,151204291,51843444,51843277, rh_benchmark,151202046,51841222,51841060
double_sided,16384665,4096533,4096494, double_sided_benchmark,16384275,4096229,4096189
attack,25729447,10201332,10186294, attack_benchmark,25729856,10201764,10186727
attack_ntmp,25730317,20202201,10187164, attack_ntmp_benchmark,25728968,20200851,10185843
attack_memset,350730501,165200386,75184348, attack_memset_benchmark,350730372,165200307,75184274
no_flush,600728864,400200749,400185711, no_flush_benchmark,600728514,400200422,400185388
random,3111213516,1155198529,840183491, random_benchmark,3111213358,1155198388,840183360
rh,151204278,51843431,51843264, rh_benchmark,151202046,51841222,51841060
double_sided,16384669,4096537,4096498, double_sided_benchmark,16384379,4096257,4096237
attack,25729987,10201872,10186834, attack_benchmark,25730739,10202647,10187614
attack_ntmp,25733020,20204905,10189867, attack_ntmp_benchmark,25729832,20201715,10186707
attack_memset,350730468,165200353,75184315, attack_memset_benchmark,350730554,165200462,75184429
no_flush,600729156,400201041,400186003, no_flush_benchmark,600728491,400200399,400185366
random,3111213513,1155198526,840183488, random_benchmark,3111212460,1155197496,840182463
rh,151203793,51842946,51842779, rh_benchmark,151201675,51840918,51840813
double_sided,16389304,4101172,4101133, double_sided_benchmark,16384419,4096317,4096300
attack,25732373,10204258,10189220, attack_benchmark,25728807,10200715,10185682
attack_ntmp,25731324,20203209,10188171, attack_ntmp_benchmark,25729490,20201398,10186348
attack_memset,350730451,165200336,75184298, attack_memset_benchmark,350730741,165200676,75184643
no_flush,600728970,400200854,400185817, no_flush_benchmark,600728523,400200411,400185398
random,3111217459,1155202472,840187434, random_benchmark,3111213394,1155198430,840183397
rh,151204291,51843444,51843277, rh_benchmark,151202040,51841216,51841053
double_sided,16384631,4096499,4096460, double_sided_benchmark,16384345,4096236,4096202
attack,25732174,10204059,10189021, attack_benchmark,25728605,10200513,10185480
attack_ntmp,25733819,20205704,10190666, attack_ntmp_benchmark,25728909,20200807,10185766
attack_memset,350730436,165200321,75184283, attack_memset_benchmark,350730376,165200311,75184278
no_flush,600728999,400200884,400185846, no_flush_benchmark,600728519,400200427,400185394
random,3111217428,1155202441,840187403, random_benchmark,3111213381,1155198417,840183378
rh,151204241,51843394,51843227, rh_benchmark,151202065,51841241,51841079
double_sided,16384655,4096523,4096484, double_sided_benchmark,16385206,4097098,4097046
attack,25732270,10204155,10189117, attack_benchmark,25732877,10204785,10189752
attack_ntmp,25734905,20206790,10191752, attack_ntmp_benchmark,25728851,20200759,10185726
attack_memset,350730436,165200321,75184283, attack_memset_benchmark,350730374,165200309,75184276
no_flush,600729153,400201038,400186000, no_flush_benchmark,600728495,400200403,400185370
random,3111217501,1155202514,840187476, random_benchmark,3111213360,1155198396,840183363
rh,151204304,51843457,51843290, rh_benchmark,151202038,51841214,51841046
double_sided,16384592,4096460,4096421, double_sided_benchmark,16384439,4096330,4096296
attack,25732256,10204141,10189103, attack_benchmark,25728554,10200462,10185429
attack_ntmp,25730040,20201925,10186887, attack_ntmp_benchmark,25729961,20201848,10186836
attack_memset,350730476,165200360,75184323, attack_memset_benchmark,350730418,165200326,75184293
no_flush,600728983,400200868,400185830, no_flush_benchmark,600728561,400200469,400185436
random,3111217224,1155202237,840187199, random_benchmark,3111213404,1155198440,840183401
rh,151204225,51843378,51843211, rh_benchmark,151202043,51841219,51841051
double_sided,16384574,4096442,4096403, double_sided_benchmark,16384345,4096236,4096198
attack,25729487,10201372,10186334, attack_benchmark,25729825,10201733,10186700
attack_ntmp,25729970,20201855,10186817, attack_ntmp_benchmark,25731037,20203020,10188062
attack_memset,350730505,165200390,75184352, attack_memset_benchmark,350730379,165200314,75184275
no_flush,600729003,400200888,400185850, no_flush_benchmark,600728516,400200424,400185385
random,3111217242,1155202255,840187217, random_benchmark,3111213371,1155198407,840183374
rh,151204256,51843409,51843242, rh_benchmark,151202184,51841360,51841198
double_sided,16384942,4096810,4096771, double_sided_benchmark,16384408,4096299,4096265
attack,25732471,10204356,10189318, attack_benchmark,25734304,10206212,10191176
attack_ntmp,25731004,20202889,10187851, attack_ntmp_benchmark,25731955,20203863,10188825
attack_memset,350730496,165200381,75184343, attack_memset_benchmark,350730396,165200331,75184298
no_flush,600728998,400200883,400185845, no_flush_benchmark,600728516,400200424,400185391
random,3111217349,1155202362,840187324, random_benchmark,3111213389,1155198425,840183392
rh,151204219,51843372,51843205, rh_benchmark,151202063,51841239,51841076
double_sided,16384978,4096846,4096807, double_sided_benchmark,16385689,4097580,4097546
attack,25729763,10201646,10186610, attack_benchmark,25728603,10200511,10185461
attack_ntmp,25736343,20208228,10193190, attack_ntmp_benchmark,25730932,20202837,10187807
attack_memset,350730459,165200344,75184306, attack_memset_benchmark,350730418,165200326,75184293
no_flush,600728969,400200852,400185816, no_flush_benchmark,600728525,400200433,400185400
random,3111217151,1155202164,840187126, random_benchmark,3111213380,1155198416,840183377
rh,151204302,51843455,51843288, rh_benchmark,151202046,51841222,51841060
double_sided,16403503,4115371,4115332, double_sided_benchmark,16384345,4096237,4096203
attack,25730605,10202490,10187452, attack_benchmark,25728858,10200766,10185733
attack_ntmp,25731860,20203745,10188707, attack_ntmp_benchmark,25729144,20201048,10186015
attack_memset,350730490,165200375,75184337, attack_memset_benchmark,350730422,165200330,75184296
no_flush,600728974,400200859,400185821, no_flush_benchmark,600728531,400200439,400185402
random,3111217674,1155202687,840187649, random_benchmark,3111213741,1155198773,840183744
rh,151204204,51843357,51843190, rh_benchmark,151202052,51841228,51841066
double_sided,16384506,4096374,4096335, double_sided_benchmark,16384315,4096206,4096172
attack,25728909,10200794,10185756, attack_benchmark,25730726,10202634,10187601
attack_ntmp,25731115,20203000,10187962, attack_ntmp_benchmark,25731759,20203667,10188631
attack_memset,350730488,165200373,75184335, attack_memset_benchmark,350730464,165200372,75184338
no_flush,600728812,400200697,400185659, no_flush_benchmark,600728483,400200391,400185358
random,3111216993,1155202006,840186968, random_benchmark,3111213360,1155198395,840183358
rh,151204192,51843345,51843178, rh_benchmark,151202057,51841233,51841067
double_sided,16385779,4097647,4097608, double_sided_benchmark,16384455,4096346,4096312
attack,25730553,10202438,10187400, attack_benchmark,25728963,10200871,10185832
attack_ntmp,25731557,20203441,10188404, attack_ntmp_benchmark,25730313,20202198,10187188
attack_memset,350730458,165200343,75184305, attack_memset_benchmark,350730399,165200307,75184274
no_flush,600729164,400201049,400186011, no_flush_benchmark,600728488,400200396,400185363
random,3111213255,1155198268,840183230, random_benchmark,3111212461,1155197497,840182464
rh,151203578,51842731,51842564, rh_benchmark,151201844,51841020,51840857
double_sided,16398358,4110226,4110187, double_sided_benchmark,16384340,4096231,4096196
attack,25729542,10201427,10186389, attack_benchmark,25732295,10204203,10189170
attack_ntmp,25731519,20203404,10188366, attack_ntmp_benchmark,25729019,20200924,10185876
attack_memset,350730458,165200343,75184305, attack_memset_benchmark,350730378,165200313,75184280
no_flush,600729154,400201039,400186001, no_flush_benchmark,600728489,400200397,400185364
random,3111213479,1155198492,840183454, random_benchmark,3111212431,1155197494,840182461
rh,151203558,51842711,51842544, rh_benchmark,151201853,51841029,51840867
double_sided,16384479,4096347,4096308, double_sided_benchmark,16384602,4096520,4096486
attack,25729915,10201800,10186762, attack_benchmark,25728597,10200505,10185472
attack_ntmp,25731143,20203028,10187990, attack_ntmp_benchmark,25734107,20206015,10190982
attack_memset,350730460,165200345,75184307, attack_memset_benchmark,350730415,165200317,75184287
no_flush,600728982,400200867,400185829, no_flush_benchmark,600728513,400200421,400185382
random,3111218281,1155203294,840188256, random_benchmark,3111213436,1155198472,840183439
rh,151204298,51843451,51843284, rh_benchmark,151202051,51841227,51841065
double_sided,16385057,4096925,4096886, double_sided_benchmark,16385859,4097764,4097741
attack,25729434,10201319,10186281, attack_benchmark,25728600,10200508,10185475
attack_ntmp,25734637,20206522,10191484, attack_ntmp_benchmark,25729011,20200918,10185886
attack_memset,350730504,165200389,75184351, attack_memset_benchmark,350730422,165200330,75184297
no_flush,600728987,400200872,400185834, no_flush_benchmark,600728523,400200458,400185419
random,3111217052,1155202065,840187027, random_benchmark,3111213389,1155198425,840183392
rh,151204249,51843402,51843235, rh_benchmark,151202089,51841265,51841103
double_sided,16384925,4096793,4096754, double_sided_benchmark,16385249,4097140,4097081
attack,25730396,10202280,10187243, attack_benchmark,25731787,10203695,10188662
attack_ntmp,25736372,20208257,10193219, attack_ntmp_benchmark,25729306,20201204,10186163
attack_memset,350730435,165200320,75184282, attack_memset_benchmark,350730400,165200335,75184302
no_flush,600729151,400201036,400185998, no_flush_benchmark,600728467,400200402,400185358
random,3111213457,1155198470,840183432, random_benchmark,3111212430,1155197493,840182460
rh,151203830,51842983,51842816, rh_benchmark,151201858,51841034,51840872
double_sided,16397625,4109493,4109454, double_sided_benchmark,16384319,4096238,4096186
attack,25730978,10202862,10187825, attack_benchmark,25728606,10200514,10185478
attack_ntmp,25735121,20207006,10191968, attack_ntmp_benchmark,25729413,20201320,10186287
attack_memset,350730497,165200382,75184344, attack_memset_benchmark,350730372,165200307,75184249
no_flush,600728972,400200856,400185819, no_flush_benchmark,600728514,400200422,400185383
random,3111217290,1155202303,840187265, random_benchmark,3111213412,1155198448,840183413
rh,151204297,51843450,51843283, rh_benchmark,151202039,51841215,51841053
double_sided,16384467,4096335,4096296, double_sided_benchmark,16384443,4096334,4096300
attack,25729395,10201279,10186242, attack_benchmark,25728606,10200514,10185481
attack_ntmp,25729940,20201825,10186787, attack_ntmp_benchmark,25728934,20200842,10185809
attack_memset,350730506,165200391,75184353, attack_memset_benchmark,350730412,165200320,75184283
no_flush,600729149,400201034,400185996, no_flush_benchmark,600728490,400200398,400185365
random,3111213261,1155198274,840183236, random_benchmark,3111212465,1155197501,840182468
rh,151203732,51842885,51842718, rh_benchmark,151201584,51841031,51840869
double_sided,16385358,4097226,4097187, double_sided_benchmark,16384321,4096211,4096169
attack,25729430,10201315,10186277, attack_benchmark,25731994,10203902,10188869
attack_ntmp,25735322,20207207,10192169, attack_ntmp_benchmark,25728954,20201049,10186016
attack_memset,350730462,165200347,75184309, attack_memset_benchmark,350730453,165200361,75184327
no_flush,600728994,400200879,400185841, no_flush_benchmark,600728513,400200421,400185387
random,3111217034,1155202047,840187009, random_benchmark,3111213399,1155198435,840183396
rh,151204254,51843407,51843240, rh_benchmark,151202046,51841222,51841054
double_sided,16400679,4112547,4112508, double_sided_benchmark,16389803,4101695,4101661
attack,25730166,10202051,10187013, attack_benchmark,25728698,10200606,10185573
attack_ntmp,25733055,20204940,10189902, attack_ntmp_benchmark,25728950,20200858,10185822
attack_memset,350730459,165200344,75184306, attack_memset_benchmark,350730378,165200313,75184280
no_flush,600729143,400201028,400185990, no_flush_benchmark,600728506,400200408,400185381
random,3111217213,1155202226,840187188, random_benchmark,3111213401,1155198431,840183398
rh,151204199,51843352,51843185, rh_benchmark,151202041,51841217,51841049
double_sided,16384656,4096524,4096485, double_sided_benchmark,16384339,4096231,4096197
attack,25729417,10201302,10186264, attack_benchmark,25729439,10201347,10186314
attack_ntmp,25733058,20204943,10189905, attack_ntmp_benchmark,25728848,20200771,10185720
attack_memset,350730460,165200345,75184307, attack_memset_benchmark,350730520,165200455,75184422
no_flush,600729171,400201056,400186018, no_flush_benchmark,600728488,400200396,400185363
random,3111213485,1155198498,840183460, random_benchmark,3111212463,1155197499,840182466
rh,151204302,51843455,51843288, rh_benchmark,151202041,51841217,51841055
double_sided,16396371,4108239,4108200, double_sided_benchmark,16384414,4096305,4096271
attack,25734598,10206483,10191445, attack_benchmark,25729556,10201464,10186425
attack_ntmp,25730918,20202803,10187765, attack_ntmp_benchmark,25728942,20200824,10185800
attack_memset,350730439,165200324,75184286, attack_memset_benchmark,350730370,165200265,75184240
no_flush,600728918,400200803,400185765, no_flush_benchmark,600728511,400200419,400185386
random,3111212934,1155197947,840182909, random_benchmark,3111212392,1155197455,840182422
rh,151203934,51843087,51842920, rh_benchmark,151201909,51841085,51840923
double_sided,16395190,4107058,4107019, double_sided_benchmark,16386515,4098407,4098373
attack,25729799,10201684,10186646, attack_benchmark,25728616,10200524,10185491
attack_ntmp,25730715,20202600,10187562, attack_ntmp_benchmark,25730583,20202570,10187617
attack_memset,350730455,165200340,75184302, attack_memset_benchmark,350730418,165200326,75184293
no_flush,600728981,400200866,400185828, no_flush_benchmark,600728517,400200425,400185386
random,3111217322,1155202335,840187297, random_benchmark,3111213381,1155198417,840183384
rh,151204254,51843407,51843240, rh_benchmark,151202027,51841203,51841038
double_sided,16384665,4096533,4096494, double_sided_benchmark,16387488,4099407,4099373
attack,25729476,10201360,10186323, attack_benchmark,25728586,10200494,10185461
attack_ntmp,25737988,20209873,10194835, attack_ntmp_benchmark,25728793,20200701,10185664
attack_memset,350730461,165200346,75184308, attack_memset_benchmark,350730377,165200312,75184273
no_flush,600729165,400201050,400186012, no_flush_benchmark,600728493,400200401,400185365
random,3111213464,1155198477,840183439, random_benchmark,3111212611,1155197647,840182614
rh,151204252,51843405,51843238, rh_benchmark,151202059,51841235,51841073
double_sided,16385591,4097459,4097420, double_sided_benchmark,16384275,4096228,4096186
attack,25731224,10203109,10188071, attack_benchmark,25730415,10202322,10187284
attack_ntmp,25730028,20201913,10186875, attack_ntmp_benchmark,25728924,20200829,10185781
attack_memset,350730458,165200343,75184305, attack_memset_benchmark,350730415,165200323,75184287
no_flush,600729153,400201038,400186000, no_flush_benchmark,600728488,400200396,400185363
random,3111213269,1155198282,840183244, random_benchmark,3111212465,1155197501,840182468
rh,151203829,51842982,51842815, rh_benchmark,151201848,51841024,51840862
double_sided,16384549,4096417,4096378, double_sided_benchmark,16384319,4096210,4096176
attack,25735360,10207245,10192207, attack_benchmark,25728632,10200540,10185505
attack_ntmp,25730163,20202045,10187010, attack_ntmp_benchmark,25728975,20200883,10185838
attack_memset,350730460,165200345,75184307, attack_memset_benchmark,350730404,165200312,75184279
no_flush,600729134,400201019,400185981, no_flush_benchmark,600728489,400200397,400185364
random,3111213461,1155198474,840183436, random_benchmark,3111212504,1155197540,840182507
rh,151208480,51847633,51847466, rh_benchmark,151201858,51841034,51840872
double_sided,16384576,4096444,4096405, double_sided_benchmark,16384320,4096211,4096177
attack,25733721,10205606,10190568, attack_benchmark,25729292,10201200,10186167
attack_ntmp,25736986,20208871,10193833, attack_ntmp_benchmark,25728799,20200682,10185674
attack_memset,350730462,165200347,75184309, attack_memset_benchmark,350730403,165200311,75184278
no_flush,600729132,400201017,400185979, no_flush_benchmark,600728490,400200398,400185362
random,3111213478,1155198491,840183453, random_benchmark,3111212431,1155197454,840182458
rh,151203771,51842924,51842757, rh_benchmark,151201662,51840905,51840806
double_sided,16385610,4097478,4097439, double_sided_benchmark,16384384,4096275,4096241
attack,25730571,10202456,10187418, attack_benchmark,25730013,10201921,10186882
attack_ntmp,25730429,20202314,10187276, attack_ntmp_benchmark,25730547,20202447,10187405
attack_memset,350730768,165200653,75184615, attack_memset_benchmark,350730405,165200313,75184280
no_flush,600728981,400200866,400185828, no_flush_benchmark,600728972,400200880,400185842
random,3111213506,1155198519,840183481, random_benchmark,3111212439,1155197482,840182437
rh,151203942,51843095,51842928, rh_benchmark,151201833,51841036,51840874
double_sided,16401322,4113190,4113151, double_sided_benchmark,16384316,4096232,4096175
attack,25731293,10203178,10188140, attack_benchmark,25728667,10200575,10185542
attack_ntmp,25731568,20203453,10188415, attack_ntmp_benchmark,25728953,20200861,10185828
attack_memset,350730505,165200390,75184352, attack_memset_benchmark,350730422,165200330,75184297
no_flush,600728996,400200881,400185843, no_flush_benchmark,600728515,400200423,400185390
random,3111217490,1155202503,840187465, random_benchmark,3111213452,1155198488,840183449
rh,151204243,51843396,51843229, rh_benchmark,151202043,51841219,51841057
double_sided,16384674,4096542,4096503, double_sided_benchmark,16384585,4096476,4096442
